Peter,73
Ethan,89
Jason,76
Ethan,7
Peter,17
Micheal,10
Ethan,59
Ethan,36
David,64
Jason,86
Peter,36
Jason,41
David,26
Jason,48
Micheal,60
David,81
David,64
Micheal,60
Ethan,19
Micheal,58
Micheal,80
David,66
David,69
Jason,19
Jason,40
Peter,29
David,42
David,90
David,52
Ethan,65
Ethan,46
David,11
David,96
David,91
Micheal,83
David,86
David,91
Micheal,14
Jason,73
Micheal,77
Jason,67
Ethan,88
David,91
Micheal,57
David,53
Ethan,66
David,81
Ethan,94
Peter,26
Micheal,65
Ethan,98
Ethan,34
Peter,26
Micheal,4
Micheal,36
Ethan,69
Peter,40
Peter,63
Jason,74
Peter,27
Micheal,0
Jason,85
Peter,16
Jason,28
Peter,90
David,28
Jason,19
Peter,100
Peter,70
Ethan,82
David,43
Peter,58
Peter,92
Micheal,21
Jason,76
Ethan,24
Jason,78
Micheal,99
Micheal,85
David,67
Peter,6
Peter,15
Peter,20
David,96
Peter,16
Micheal,12
Peter,25
Peter,46
Ethan,71
Jason,1
Peter,97
David,35
Jason,13
David,77
Micheal,32
Jason,24
Ethan,38
David,51
Peter,39
Ethan,96
Jason,63
Jason,31
Ethan,86
Ethan,40
David,95
Peter,30
Jason,54
Peter,94
Micheal,70
David,97
David,67
Ethan,86
Micheal,78
Peter,40
Micheal,89
Ethan,67
Jason,13
Jason,64
David,42
Peter,83
Peter,66
Ethan,13
David,2
Ethan,52
Jason,71
Jason,49
Micheal,76
David,22
Micheal,68
David,4
Jason,16
David,34
Ethan,7
Ethan,4
Micheal,61
Micheal,32
Jason,84
Micheal,86
Ethan,56
David,15
David,66
Ethan,46
Ethan,4
Jason,84
Jason,5
Jason,35
Jason,4
Jason,51
Jason,12
Ethan,25
Peter,6
Peter,84
Jason,31
Ethan,96
Ethan,70
Ethan,4
Jason,53
Micheal,22
Micheal,23
David,69
Micheal,5
David,91
Jason,42
Peter,16
Jason,19
David,62
David,93
Jason,78
Peter,13
Ethan,92
Micheal,55
David,65
Ethan,12
Micheal,6
Ethan,95
Peter,87
Jason,69
David,70
David,57
Micheal,71
David,77
Jason,24
Peter,10
David,97
Micheal,89
Ethan,67
Peter,17
Micheal,54
Jason,47
Peter,66
Jason,17
Ethan,61
David,9
David,73
Jason,14
Jason,19
Peter,57
Ethan,13
David,62
David,20
David,16
David,39
David,91
Ethan,10
Peter,41
Ethan,27
Micheal,2
Ethan,20
Micheal,80
Jason,61
Peter,89
Micheal,10
Jason,43
David,1
David,59
Peter,55
Micheal,70
Jason,8
Peter,46
Micheal,63
Ethan,87
Peter,67
Ethan,84
Ethan,96
Peter,49
Micheal,55
Ethan,71
Micheal,6
David,95
Jason,14
Jason,43
David,29
Jason,70
Jason,100
Peter,45
Micheal,59
Peter,33
Micheal,11
Peter,8
Peter,97
Peter,31
Micheal,85
David,50
Ethan,91
Ethan,92
David,35
Peter,80
Micheal,43
Peter,65
Ethan,71
Micheal,32
Jason,68
Micheal,17
Ethan,47
David,3
Peter,24
Peter,31
Micheal,69
Peter,80
Micheal,19
Ethan,93
Jason,55
Ethan,88
Jason,71
David,96
Jason,26
Peter,21
Peter,9
Peter,42
Ethan,38
Jason,45
Jason,92
David,84
David,61
Jason,45
David,31
Micheal,90
Peter,32
Jason,84
David,7
Micheal,39
Micheal,96
Jason,36
Ethan,5
Jason,49
David,81
Jason,19
Ethan,89
Peter,1
Jason,100
Jason,62
Jason,52
Micheal,89
Jason,75
Ethan,64
Jason,31
Ethan,64
David,21
David,74
David,63
Ethan,1
Peter,70
Peter,49
Peter,47
David,35
David,4
David,13
Peter,31
Peter,2
Jason,55
Jason,95
Ethan,4
Peter,51
Micheal,29
Micheal,82
David,2
Jason,20
David,12
Jason,95
Micheal,34
Micheal,73
Micheal,56
Peter,34
David,68
Micheal,7
Peter,15
Jason,30
Ethan,56
Ethan,20
Micheal,11
Jason,61
Micheal,56
David,9
Ethan,25
Peter,45
Micheal,70
David,21
Ethan,22
Jason,63
Micheal,36
Micheal,13
David,1
Peter,10
Micheal,5
Peter,57
David,42
Jason,85
Peter,21
David,58
Micheal,16
Jason,98
Micheal,35
Micheal,84
Ethan,56
Peter,33
David,51
Peter,41
Peter,46
Micheal,82
Micheal,10
Peter,83
Peter,94
Ethan,56
David,17
Jason,10
Jason,94
Peter,24
Ethan,76
Peter,88
Peter,53
Micheal,2
David,77
Micheal,28
Peter,3
David,57
Jason,16
Micheal,38
Micheal,45
Ethan,45
Ethan,89
Jason,4
Ethan,62
Micheal,51
Jason,51
Jason,9
Jason,49
Peter,94
Micheal,30
Micheal,89
David,44
Peter,87
David,84
Micheal,28
Peter,14
Jason,69
Jason,14
Jason,29
Micheal,1
David,59
Ethan,91
Jason,26
Ethan,77
Ethan,67
Ethan,95
David,68
Peter,21
Jason,67
Jason,100
David,7
Micheal,50
David,1
Jason,6
Micheal,71
Ethan,99
Ethan,74
Ethan,83
Micheal,30
Peter,75
Ethan,75
Ethan,4
David,69
Ethan,56
Micheal,47
Micheal,42
Jason,93
Jason,92
Micheal,63
Micheal,22
Ethan,3
Jason,62
Ethan,72
David,9
Jason,11
Ethan,49
Peter,56
Ethan,18
Jason,70
Jason,45
Jason,63
Jason,77
Micheal,56
David,46
David,15
David,88
Ethan,10
Micheal,45
Peter,26
Peter,9
Peter,22
Micheal,15
Peter,38
Ethan,23
David,55
Peter,49
Micheal,2
Micheal,79
Jason,14
Ethan,48
Jason,15
Ethan,44
David,73
Peter,56
Micheal,38
Jason,50
Micheal,4
Peter,17
David,80
Micheal,42
Jason,72
Ethan,84
Ethan,66
Ethan,31
Micheal,6
Micheal,26
Peter,30
Micheal,85
Ethan,67
Ethan,11
Peter,10
Jason,55
Ethan,64
Jason,14
Peter,44
Ethan,0
Jason,23
David,93
Jason,72
Micheal,33
Ethan,18
Ethan,97
Jason,45
Jason,72
Micheal,11
Jason,45
Peter,94
Peter,97
David,10
Ethan,64
Jason,38
Peter,4
Ethan,84
David,86
Micheal,60
Jason,98
Jason,94
Jason,74
David,37
Jason,21
David,90
Micheal,52
David,40
David,7
Peter,73
Micheal,86
Jason,5
Peter,73
Jason,74
Jason,51
Peter,7
Ethan,18
Ethan,5
David,34
Jason,61
David,82
Ethan,10
Peter,29
Peter,91
Ethan,98
David,71
Jason,86
Micheal,74
Ethan,32
Ethan,19
Ethan,66
Jason,26
Peter,26
Jason,63
Micheal,50
Jason,96
Jason,9
Jason,67
Micheal,69
Ethan,1
Ethan,49
Jason,99
David,21
Micheal,47
Micheal,27
David,64
Peter,79
Peter,50
David,93
Ethan,54
Ethan,3
Peter,96
Peter,2
David,23
Peter,6
Peter,30
Ethan,11
Peter,38
Micheal,39
David,61
Ethan,17
Ethan,43
Peter,20
David,22
David,8
Micheal,98
Jason,98
Peter,19
David,33
Jason,84
David,36
Jason,17
David,71
Jason,52
Ethan,80
Ethan,83
Peter,41
Peter,95
David,49
David,31
Ethan,35
Peter,46
Jason,86
Ethan,87
Ethan,48
Peter,0
David,1
Micheal,44
Micheal,91
Micheal,11
Ethan,71
Ethan,68
David,100
David,64
Micheal,94
Ethan,12
Micheal,64
Peter,48
David,75
Jason,93
David,63
Peter,35
David,55
Jason,48
Ethan,20
David,71
Peter,27
David,79
Peter,6
David,89
Ethan,31
Peter,57
Jason,3
Jason,12
Jason,89
Peter,30
Micheal,40
Peter,85
Peter,5
Jason,21
David,36
Peter,81
Peter,2
Peter,8
Jason,38
Peter,3
Peter,19
Jason,6
Peter,52
Peter,83
Jason,58
Jason,23
Jason,89
Jason,44
David,40
Micheal,53
Peter,44
Peter,37
Jason,51
David,25
Ethan,77
Peter,66
Peter,40
Jason,89
Peter,25
Micheal,64
Ethan,10
David,82
Jason,97
David,96
Jason,84
David,18
Ethan,39
Ethan,26
Ethan,79
Micheal,15
Peter,88
Jason,42
Jason,27
Micheal,80
Peter,29
Peter,62
Jason,62
Peter,98
Jason,12
David,57
David,73
Ethan,68
Peter,56
Peter,61
David,19
David,60
David,82
Micheal,19
Ethan,11
David,72
David,43
Micheal,3
Ethan,63
Jason,95
Micheal,62
Peter,57
Micheal,42
Ethan,47
David,80
Micheal,47
David,54
David,71
Ethan,31
Jason,17
Micheal,66
Peter,76
David,43
Micheal,76
David,68
Micheal,53
Ethan,24
Micheal,51
Micheal,34
Ethan,1
Jason,45
David,10
Peter,36
Peter,99
Ethan,62
Micheal,90
Ethan,99
David,76
Jason,28
Peter,32
Jason,31
Ethan,29
Micheal,85
David,10
Micheal,70
Ethan,35
Ethan,16
Micheal,56
Ethan,34
Ethan,28
Peter,74
Jason,82
Jason,37
Peter,0
Micheal,13
Jason,43
David,37
Micheal,22
Micheal,41
Jason,37
Jason,53
David,60
David,17
Ethan,51
David,64
Peter,2
Jason,50
David,56
Peter,76
Micheal,27
Micheal,67
Peter,1
Micheal,78
Ethan,45
Micheal,59
Jason,76
Ethan,15
Jason,64
Ethan,18
Ethan,17
Peter,36
Ethan,22
Ethan,41
Peter,32
Micheal,42
Jason,64
Ethan,98
Ethan,98
Micheal,45
Micheal,27
David,32
David,26
Peter,54
David,93
Jason,98
David,16
Ethan,52
David,28
Ethan,26
David,95
Peter,56
Jason,53
Jason,60
Peter,4
Micheal,65
Peter,11
Peter,50
Jason,82
Micheal,92
Peter,3
David,13
David,35
Peter,68
David,11
David,36
Ethan,37
Peter,38
Peter,24
Jason,69
Micheal,46
Ethan,32
Micheal,18
Ethan,73
Ethan,37
Ethan,14
Ethan,6
Micheal,76
Ethan,92
Ethan,66
Ethan,18
Micheal,28
Peter,94
Jason,78
Jason,21
Micheal,55
Jason,61
David,43
Peter,92
Micheal,83
Ethan,90
Micheal,43
Micheal,68
Jason,11
David,86
Ethan,73
Micheal,29
Peter,96
Peter,3
Ethan,57
Peter,97
David,41
Peter,60
Ethan,63
Peter,31
Jason,20
Micheal,80
Micheal,10
Micheal,94
Peter,54
David,20
Peter,50
Ethan,49
Peter,98
Peter,1
David,99
Jason,71
Jason,10
Jason,96
Jason,19
Peter,76
Ethan,94
Jason,54
Jason,69
Ethan,97
Jason,22
Jason,12
Ethan,4
Jason,12
Ethan,83
David,79
Jason,90
Peter,73
Peter,8
David,39
Ethan,59
Jason,79
Micheal,90
Micheal,70
Peter,53
David,87
Micheal,75
Ethan,57
Jason,83
Peter,5
David,3
David,41
Peter,89
Peter,51
David,87
Ethan,84
Micheal,87
David,30
David,59
David,10
Jason,73
David,10
David,78
Micheal,99
Jason,14
Jason,41
Jason,57
Micheal,29
Peter,38
David,23
Micheal,76
Jason,3
Jason,74
Micheal,15
Jason,37
Peter,33
Jason,26
Jason,68
Ethan,65
David,82
David,41
Micheal,44
Ethan,43
Peter,44
Jason,57
Micheal,80
Peter,0
Jason,8
Micheal,33
Peter,88
Ethan,51
Peter,13
Peter,12
David,53
Ethan,90
Peter,97
Peter,12
Micheal,64
Micheal,84
Ethan,83
Peter,79
Peter,48
David,32
Ethan,81
David,35
Jason,44
Jason,89
David,70
Peter,45
Peter,80
David,31
Peter,73
Jason,82
Peter,12
David,81
Micheal,42
Micheal,6
Micheal,3
Peter,6
Micheal,38
David,100
David,68
Micheal,59
Micheal,50
Micheal,20
Ethan,41
Ethan,89
Ethan,15
Peter,94
Micheal,54
Micheal,95
Jason,87
Jason,23
Jason,86
Peter,93
Micheal,62
Peter,28
Micheal,17
Ethan,80
Jason,23
Jason,41
Micheal,78
Micheal,2
Jason,40
Micheal,93
Ethan,57
Micheal,83
Micheal,85
Ethan,19
David,48
David,77
Micheal,39
Jason,44
Jason,24
David,6
Jason,45
David,68
Micheal,38
Jason,2
Jason,98
Ethan,53
Peter,76
Micheal,69
Jason,85
Ethan,90
Jason,30
Jason,100
David,67
Jason,38
Jason,36
Jason,72
Peter,63
Ethan,53
David,62
David,47
Micheal,28
Micheal,52
Ethan,85
Jason,11
David,71
Ethan,59
David,14
Ethan,42
